{    "plotdata":
    {
        "Bubble Line": {"Bubble Pressure":[
            7.30893,
            7.401794,
            7.473535,
            7.503481,
            7.462822,
            7.381387,
            7.272729,
            7.144455,
            7.001686,
            6.847637,
            6.684082,
            6.511989,
            6.332419,
            6.147032,
            5.957473,
            5.765109,
            5.570791,
            5.375049,
            5.178346,
            4.981093,
            4.783662,
            4.586397,
            4.389623,
            4.193655,
            3.998799,
            3.805358,
            3.613637,
            3.423943,
            3.236588,
            3.05189,
            2.870172,
            2.691765,
            2.517006,
            2.346234
        ],"Bubble Temperature":[
            360.3083,
            358.2773,
            355.4298,
            350.4935,
            345.7076,
            341.0828,
            336.5432,
            332.05,
            327.588,
            323.1618,
            318.7659,
            314.3996,
            310.0417,
            305.688,
            301.3365,
            296.9907,
            292.6546,
            288.3273,
            284.0081,
            279.6965,
            275.3918,
            271.0938,
            266.8021,
            262.5163,
            258.2363,
            253.9618,
            249.6927,
            245.4288,
            241.17,
            236.9161,
            232.6672,
            228.4232,
            224.184,
            219.9496
        ]},
        "Dew Line":{"Dew Pressure":[
            0.11,
            0.1361063,
            0.1674721,
            0.2043273,
            0.2473115,
            0.2971232,
            0.3545097,
            0.4202705,
            0.4952632,
            0.5804112,
            0.6767136,
            0.785259,
            0.9072426,
            1.04399,
            1.196987,
            1.367843,
            1.558326,
            1.764622,
            1.993113,
            2.246537,
            2.528168,
            2.842077,
            3.193162,
            3.588223,
            4.037104,
            4.555149,
            5.068377,
            5.567946,
            6.051679,
            6.514971,
            6.946757,
            7.151965,
            7.255739,
            7.30893
        ],"Dew Temperature":[
            245.8869,
            250.509,
            255.2025,
            259.8923,
            264.5761,
            269.2537,
            273.9251,
            278.5901,
            283.2487,
            287.9005,
            292.5452,
            297.1824,
            301.8116,
            306.4323,
            311.0454,
            315.6515,
            320.2496,
            324.7165,
            329.1544,
            333.5608,
            337.9295,
            342.2564,
            346.526,
            350.7162,
            354.7902,
            358.6769,
            361.7127,
            363.8695,
            365.1044,
            365.2577,
            363.943,
            362.3878,
            361.1502,
            360.3083
        ] }

    }
}